LoanAmount,City,State,Zip,NAICSCode,BusinessType,RaceEthnicity,Gender,Veteran,NonProfit,JobsReported,DateApproved,Lender,CD
149957.5,HONOLULU,HI,96813,238220,Corporation,Unanswered,Unanswered,Unanswered,,14,4/16/20,First Hawaiian Bank,HI-01
149900,HONOLULU,HI,96814,541990,Non-Profit Organization,Unanswered,Unanswered,Unanswered,Y,17,4/8/20,First Hawaiian Bank,HI-01
149800,HONOLULU,HI,96816,722511,Corporation,Asian,Male Owned,Non-Veteran,,42,4/12/20,Central Pacific Bank,HI-01
149800,HONOLULU,HI,96815,722511,Corporation,Unanswered,Unanswered,Unanswered,,27,5/27/20,"American Savings Bank, FSB",HI-01
149700,AIEA,HI,96701,621111,Limited Liability Partnership,Unanswered,Unanswered,Unanswered,,10,4/6/20,"American Savings Bank, FSB",HI-01
149657,CAPTAIN COOK,HI,96704,721110,Corporation,Unanswered,Male Owned,Non-Veteran,,,4/16/20,Bank of Hawaii,HI-02
149615,HONOLULU,HI,96816,621210,Subchapter S Corporation,Unanswered,Unanswered,Unanswered,,,4/11/20,Bank of Hawaii,HI-01
149500,KAILUA KONA,HI,96740,487110,Corporation,Unanswered,Unanswered,Unanswered,,18,4/9/20,First Hawaiian Bank,HI-02
149455,MILILANI,HI,96789,238990,Limited  Liability Company(LLC),Unanswered,Male Owned,Unanswered,,15,5/8/20,Bank of Hawaii,HI-01
149400,HONOLULU,HI,96815,722511,Corporation,Unanswered,Unanswered,Unanswered,,33,4/10/20,First Hawaiian Bank,HI-01
149400,HONOKAA,HI,96727,722310,Corporation,Unanswered,Male Owned,Veteran,,41,4/10/20,First Bank,HI-02
149392,Kilauea,HI,96754,722513,Corporation,Unanswered,Unanswered,Unanswered,,0,5/11/20,Central Pacific Bank,HI-02
149320,KAHULUI,HI,96732,238220,Limited  Liability Company(LLC),White,Male Owned,Unanswered,,,4/12/20,Bank of Hawaii,HI-02
149300,Puunene,HI,96784,238990,Corporation,Unanswered,Unanswered,Unanswered,,0,5/8/20,Central Pacific Bank,HI-02
149300,LIHUE,HI,96766,236220,Limited  Liability Company(LLC),Unanswered,Unanswered,Unanswered,,11,4/6/20,Central Pacific Bank,HI-02
149200,HONOLULU,HI,96814,541512,Corporation,Unanswered,Unanswered,Unanswered,,7,4/7/20,"American Savings Bank, FSB",HI-01
149100,LAHAINA,HI,96761,713990,Corporation,Unanswered,Male Owned,Unanswered,,76,4/13/20,First Hawaiian Bank,HI-02
149100,Honolulu,HI,96813,541611,Subchapter S Corporation,Unanswered,Unanswered,Unanswered,,10,4/14/20,First Hawaiian Bank,HI-01
149000,KAPAA,HI,96746,722511,Limited  Liability Company(LLC),Unanswered,Unanswered,Unanswered,,26,4/9/20,First Hawaiian Bank,HI-02
148900,KAMUELA,HI,96743,722310,Limited  Liability Company(LLC),Unanswered,Unanswered,Unanswered,,13,4/16/20,First Hawaiian Bank,HI-02
148900,Hilo,HI,96720,238140,Corporation,Unanswered,Male Owned,Non-Veteran,,17,4/16/20,First Hawaiian Bank,HI-02
148900,Kahului,HI,96732,531390,Corporation,Unanswered,Unanswered,Unanswered,,0,5/7/20,Central Pacific Bank,HI-02
148900,AIEA,HI,96701,238110,Corporation,Unanswered,Unanswered,Unanswered,,13,4/9/20,Central Pacific Bank,HI-01
148722,HONOLULU,HI,96819,238220,Limited  Liability Company(LLC),Unanswered,Unanswered,Unanswered,,80,4/28/20,First Hawaiian Bank,HI-01
148700,KAPOLEI,HI,96707,621210,Subchapter S Corporation,Unanswered,Unanswered,Unanswered,,13,4/5/20,Central Pacific Bank,HI-02
148700,HONOLULU,HI,96816,238350,Limited  Liability Company(LLC),Unanswered,Unanswered,Unanswered,,20,4/9/20,Central Pacific Bank,HI-01
148600,HONOLULU,HI,96813,611610,Corporation,Unanswered,Unanswered,Unanswered,,42,4/4/20,First Hawaiian Bank,HI-01
148600,EWA BEACH,HI,96706,485999,Corporation,Unanswered,Unanswered,Unanswered,,17,4/6/20,"American Savings Bank, FSB",HI-01
148600,MOUNTAIN VIEW,HI,96771,424690,Corporation,Unanswered,Unanswered,Unanswered,,14,4/7/20,"American Savings Bank, FSB",HI-02
148595,AIEA,HI,96701,531311,Limited  Liability Company(LLC),Unanswered,Unanswered,Unanswered,,,4/15/20,Bank of Hawaii,HI-01
148500,LAHAINA,HI,96761,561520,Corporation,White,Male Owned,Non-Veteran,,13,4/15/20,First Hawaiian Bank,HI-02
148500,KAILUA,HI,96734,444190,Corporation,White,Male Owned,Non-Veteran,,10,4/4/20,"American Savings Bank, FSB",HI-02
148500,KAILUA,HI,96734,238210,Corporation,Unanswered,Unanswered,Unanswered,,16,4/14/20,First Hawaiian Bank,HI-02
148400,HONOLULU,HI,96814,446120,Corporation,Unanswered,Unanswered,Unanswered,,23,4/15/20,First Hawaiian Bank,HI-01
148400,HONOLULU,HI,96814,541211,Corporation,Unanswered,Unanswered,Unanswered,,7,4/7/20,First Hawaiian Bank,HI-01
148300,PEARL CITY,HI,96782,325199,Limited  Liability Company(LLC),Unanswered,Unanswered,Unanswered,,20,4/4/20,Central Pacific Bank,HI-01
148292,LAHAINA,HI,96761,722511,Limited  Liability Company(LLC),Unanswered,Unanswered,Unanswered,,20,5/7/20,Bank of Hawaii,HI-02
148200,KAPAA,HI,96746,561612,Corporation,Asian,Male Owned,Non-Veteran,,23,4/15/20,Central Pacific Bank,HI-02
148200,Kahului,HI,96732,441320,Subchapter S Corporation,Unanswered,Male Owned,Veteran,,15,4/30/20,First Hawaiian Bank,HI-02
148100,Honolulu,HI,96814,722410,Corporation,Unanswered,Unanswered,Unanswered,,0,5/5/20,Central Pacific Bank,HI-01
148000,KAHULUI,HI,96732,722513,Limited  Liability Company(LLC),Unanswered,Female Owned,Non-Veteran,,28,4/3/20,"American Savings Bank, FSB",HI-02
148000,HONOLULU,HI,96814,541310,Corporation,Unanswered,Unanswered,Unanswered,,11,4/9/20,Central Pacific Bank,HI-01
147972.5,HONOLULU,HI,96826,531210,Limited  Liability Company(LLC),Unanswered,Unanswered,Unanswered,,13,4/28/20,First Hawaiian Bank,HI-01
147900,HONOLULU,HI,96826,541310,Limited  Liability Company(LLC),Unanswered,Unanswered,Unanswered,,9,4/5/20,Central Pacific Bank,HI-01
147800,HONOLULU,HI,96819,445210,Corporation,Unanswered,Unanswered,Unanswered,,17,4/6/20,Central Pacific Bank,HI-01
147800,Wailuku,HI,96793,541110,Sole Proprietorship,Unanswered,Unanswered,Unanswered,,8,4/27/20,First Hawaiian Bank,HI-02
147700,HILO,HI,96720,621111,Sole Proprietorship,Unanswered,Unanswered,Unanswered,,,4/12/20,Bank of Hawaii,HI-02
147700,KAILUA KONA,HI,96740,561990,Limited  Liability Company(LLC),Unanswered,Male Owned,Non-Veteran,,13,4/7/20,"American Savings Bank, FSB",HI-02
147500,LIHUE,HI,96766,423990,Subchapter S Corporation,Unanswered,Unanswered,Unanswered,,,4/13/20,Bank of Hawaii,HI-02
147487,Honolulu,HI,96813,213111,Corporation,Unanswered,Unanswered,Unanswered,,7,4/27/20,First Hawaiian Bank,HI-01
147400,HONOLULU,HI,96826,238990,Corporation,Unanswered,Male Owned,Non-Veteran,,0,4/30/20,Central Pacific Bank,HI-01
147312.5,LAHAINA,HI,96761,453920,Subchapter S Corporation,Unanswered,Unanswered,Unanswered,,12,4/30/20,First Hawaiian Bank,HI-02
147300,HONOLULU,HI,96813,811121,Corporation,Unanswered,Unanswered,Unanswered,,11,4/6/20,First Hawaiian Bank,HI-01
147294,Honolulu,HI,96817,561320,Limited  Liability Company(LLC),Unanswered,Unanswered,Unanswered,,13,7/24/20,"Kabbage, Inc.",HI-01
147117.5,LAHAINA,HI,96761,713990,Subchapter S Corporation,Unanswered,Male Owned,Unanswered,,12,4/27/20,First Hawaiian Bank,HI-02
147030,AIEA,HI,96701,326111,Corporation,Unanswered,Male Owned,Non-Veteran,,,4/11/20,Bank of Hawaii,HI-01
147000,Honolulu,HI,96817,524292,Subchapter S Corporation,Unanswered,Male Owned,Unanswered,,20,4/28/20,"TransPecos Banks, SSB.",HI-01
146997.5,Puunene,HI,96784,238120,Subchapter S Corporation,Unanswered,Unanswered,Unanswered,,7,5/1/20,First Hawaiian Bank,HI-02
146960,HONOLULU,HI,96813,541110,Non-Profit Organization,Unanswered,Unanswered,Unanswered,Y,,4/28/20,Bank of Hawaii,HI-01
146800,HILO,HI,96720,624229,Non-Profit Organization,Unanswered,Unanswered,Unanswered,Y,13,4/14/20,First Hawaiian Bank,HI-02
146675,Lihue,HI,96766,624190,Non-Profit Organization,Unanswered,Unanswered,Unanswered,Y,19,4/29/20,First Hawaiian Bank,HI-02
146641,Kapaa,HI,96746,522390,Corporation,Unanswered,Unanswered,Unanswered,,25,5/3/20,Cross River Bank,HI-02
146600,Hilo,HI,96720,722511,Corporation,Unanswered,Unanswered,Unanswered,,0,5/6/20,Central Pacific Bank,HI-02
146600,HONOLULU,HI,96826,561510,Corporation,Unanswered,Unanswered,Unanswered,,15,4/14/20,First Hawaiian Bank,HI-01
146500,Kailua Kona,HI,96740,811121,Corporation,Unanswered,Unanswered,Unanswered,,0,4/30/20,Central Pacific Bank,HI-02
146300,HONOLULU,HI,96819,541211,Limited  Liability Company(LLC),Unanswered,Male Owned,Unanswered,,11,4/3/20,"American Savings Bank, FSB",HI-01
146300,HONOLULU,HI,96813,531312,Corporation,Unanswered,Unanswered,Unanswered,,12,4/14/20,First Hawaiian Bank,HI-01
146255,HONOLULU,HI,96817,561990,Limited  Liability Company(LLC),Unanswered,Unanswered,Unanswered,,30,4/30/20,First Hawaiian Bank,HI-01
146200,HONOLULU,HI,96819,238220,Limited  Liability Company(LLC),Asian,Male Owned,Veteran,,9,4/4/20,Hawaii National Bank,HI-01
146200,KAHULUI,HI,96732,812199,Limited  Liability Company(LLC),Unanswered,Male Owned,Non-Veteran,,32,4/9/20,"American Savings Bank, FSB",HI-02
146100,HONOLULU,HI,96815,531312,Corporation,Unanswered,Unanswered,Unanswered,,21,4/10/20,First Hawaiian Bank,HI-01
146100,WAIPAHU,HI,96797,621111,Limited  Liability Company(LLC),Hispanic,Male Owned,Unanswered,,10,4/4/20,"American Savings Bank, FSB",HI-01
146077.5,HONOLULU,HI,96815,722511,Subchapter S Corporation,Unanswered,Unanswered,Unanswered,,47,4/15/20,First Hawaiian Bank,HI-01
146000,WAIPAHU,HI,96797,423120,Corporation,Unanswered,Unanswered,Unanswered,,20,4/10/20,First Hawaiian Bank,HI-01
146000,KAILUA KONA,HI,96745,561320,Limited  Liability Company(LLC),Unanswered,Unanswered,Unanswered,,8,4/5/20,Bank of Hawaii,HI-02
146000,Kailua,HI,96734,811219,Corporation,Unanswered,Unanswered,Unanswered,,11,4/28/20,Central Pacific Bank,HI-02
146000,HONOLULU,HI,96813,621111,Corporation,Unanswered,Unanswered,Unanswered,,10,4/7/20,"American Savings Bank, FSB",HI-01
145905,HONOLULU,HI,96819,444190,Corporation,Unanswered,Unanswered,Unanswered,,,4/13/20,Bank of Hawaii,HI-01
145900,HONOLULU,HI,96817,541310,Corporation,Unanswered,Unanswered,Unanswered,,9,4/8/20,Central Pacific Bank,HI-01
145833.35,LIHUE,HI,96766,523999,Subchapter S Corporation,Unanswered,Unanswered,Unanswered,,,4/7/20,Kaua'i Government Employees' FCU,HI-02
145830,KAUNAKAKAI,HI,96748,423440,Corporation,Unanswered,Unanswered,Unanswered,,,6/22/20,Bank of Hawaii,HI-02
145800,KULA,HI,96790,111998,Corporation,Black or African American,Female Owned,Non-Veteran,,12,4/10/20,"American Savings Bank, FSB",HI-02
145800,HONOLULU,HI,96814,517311,Limited  Liability Company(LLC),Unanswered,Unanswered,Unanswered,,10,4/9/20,First Hawaiian Bank,HI-01
145790,Honolulu,HI,96823,238110,Subchapter S Corporation,Unanswered,Male Owned,Unanswered,,17,4/27/20,First Hawaiian Bank,HI-01
145700,HONOLULU,HI,96815,621210,Limited  Liability Company(LLC),Unanswered,Unanswered,Unanswered,,12,4/12/20,Central Pacific Bank,HI-01
145700,Waipahu,HI,96797,238210,Limited  Liability Company(LLC),Asian,Male Owned,Non-Veteran,,14,5/8/20,Hawaii National Bank,HI-01
145635,HONOLULU,HI,96819,541690,Limited  Liability Company(LLC),Asian,Unanswered,Unanswered,,,4/14/20,Bank of Hawaii,HI-01
145595,KOLOA,HI,96756,487210,Sole Proprietorship,Unanswered,Unanswered,Unanswered,,25,4/30/20,First Hawaiian Bank,HI-02
145500,HILO,HI,96720,541310,Limited  Liability Company(LLC),White,Male Owned,Unanswered,,8,4/6/20,First Hawaiian Bank,HI-02
145500,HONOLULU,HI,96816,621210,Corporation,Asian,Male Owned,Non-Veteran,,13,4/8/20,"American Savings Bank, FSB",HI-01
145300,HONOLULU,HI,96813,541910,Corporation,Unanswered,Unanswered,Unanswered,,,4/12/20,Bank of Hawaii,HI-01
145300,HONOLULU,HI,96817,236118,Corporation,Asian,Male Owned,Unanswered,,14,4/5/20,"American Savings Bank, FSB",HI-01
145200,KAHULUI,HI,96732,532299,Corporation,White,Unanswered,Unanswered,,18,4/4/20,"American Savings Bank, FSB",HI-02
145190,HONOLULU,HI,96817,424420,Corporation,Unanswered,Unanswered,Unanswered,,16,4/28/20,First Hawaiian Bank,HI-01
145012.5,Honolulu,HI,96814,561520,Corporation,Unanswered,Unanswered,Unanswered,,11,4/14/20,First Hawaiian Bank,HI-01
145010,HILO,HI,96720,451110,Corporation,Unanswered,Male Owned,Non-Veteran,,,4/15/20,Bank of Hawaii,HI-02
145000,KEALAKEKUA,HI,96750,424490,Limited  Liability Company(LLC),Unanswered,Unanswered,Unanswered,,10,4/5/20,Central Pacific Bank,HI-02
145000,HONOLULU,HI,96819,312112,Limited  Liability Company(LLC),Unanswered,Unanswered,Unanswered,,,4/14/20,Central Pacific Bank,HI-01
145000,KAILUA KONA,HI,96745,236115,Limited  Liability Company(LLC),Unanswered,Unanswered,Unanswered,,,4/15/20,Central Pacific Bank,HI-02
144990,KAMUELA,HI,96743,484122,Sole Proprietorship,Unanswered,Male Owned,Non-Veteran,,17,4/28/20,First Hawaiian Bank,HI-02
144930,HONOLULU,HI,96825,238110,Subchapter S Corporation,Unanswered,Unanswered,Unanswered,,,4/12/20,Bank of Hawaii,HI-01
144900,HONOLULU,HI,96813,621111,Corporation,Asian,Male Owned,Non-Veteran,,12,4/9/20,Ohana Pacific Bank,HI-01
144900,Honolulu,HI,96815,621610,Limited  Liability Company(LLC),Unanswered,Unanswered,Unanswered,,23,5/1/20,"American Savings Bank, FSB",HI-01
144872,HONOLULU,HI,96819,334511,Sole Proprietorship,Unanswered,Male Owned,Non-Veteran,,6,5/4/20,First Hawaiian Bank,HI-01
144800,EWA BEACH,HI,96706,621210,Corporation,Unanswered,Unanswered,Unanswered,,10,4/7/20,Central Pacific Bank,HI-01
144705,KAILUA KONA,HI,96740,441228,Subchapter S Corporation,Unanswered,Unanswered,Unanswered,,,4/11/20,Bank of Hawaii,HI-02
144600,WAILUKU,HI,96793,444190,Sole Proprietorship,Unanswered,Unanswered,Unanswered,,15,4/11/20,Central Pacific Bank,HI-02
144600,LIHUE,HI,96766,238990,Corporation,Unanswered,Female Owned,Unanswered,,10,4/5/20,"American Savings Bank, FSB",HI-02
144500,WAIPAHU,HI,96797,561730,Limited  Liability Company(LLC),Unanswered,Unanswered,Unanswered,,4,4/4/20,First Hawaiian Bank,HI-01
144500,KIHEI,HI,96753,238340,Corporation,White,Male Owned,Non-Veteran,,13,4/8/20,"American Savings Bank, FSB",HI-02
144400,Aiea,HI,96701,337110,Corporation,Asian,Male Owned,Unanswered,,20,4/29/20,Hawaii National Bank,HI-01
144400,HONOLULU,HI,96814,238330,Corporation,Asian,Unanswered,Unanswered,,14,4/7/20,"American Savings Bank, FSB",HI-01
144377.5,Honolulu,HI,96815,448120,Corporation,Unanswered,Unanswered,Unanswered,,14,4/28/20,First Hawaiian Bank,HI-01
144300,KAILUA,HI,96734,443142,Subchapter S Corporation,Unanswered,Unanswered,Unanswered,,,4/15/20,Bank of Hawaii,HI-02
144300,MILILANI,HI,96789,238140,Corporation,Unanswered,Unanswered,Unanswered,,11,6/1/20,"American Savings Bank, FSB",HI-01
144285,KANEOHE,HI,96744,311991,Corporation,Unanswered,Unanswered,Unanswered,,,4/12/20,Bank of Hawaii,HI-02
144207,Mililani,HI,96789,813110,Non-Profit Organization,Unanswered,Unanswered,Unanswered,Y,27,5/1/20,First Hawaiian Bank,HI-01
144165,HONOLULU,HI,96813,561312,Corporation,Unanswered,Unanswered,Unanswered,,,4/11/20,Bank of Hawaii,HI-01
144000,HONOLULU,HI,96825,722515,Corporation,Asian,Female Owned,Unanswered,,20,4/3/20,"American Savings Bank, FSB",HI-01
143887,Hilo,HI,96720,722513,Limited  Liability Company(LLC),Unanswered,Male Owned,Veteran,,0,5/3/20,Cross River Bank,HI-02
143800,HONOLULU,HI,96819,423990,Limited  Liability Company(LLC),Unanswered,Unanswered,Unanswered,,16,4/5/20,"American Savings Bank, FSB",HI-01
143800,Lahaina,HI,96761,442110,Corporation,Unanswered,Unanswered,Unanswered,,8,4/28/20,First Hawaiian Bank,HI-02
143732,HONOLULU,HI,96813,812310,Corporation,White,Female Owned,Non-Veteran,,,4/9/20,Central Pacific Bank,HI-01
143600,HONOLULU,HI,96813,314120,Limited  Liability Company(LLC),Unanswered,Male Owned,Unanswered,,11,4/4/20,"American Savings Bank, FSB",HI-01
143597.5,Honolulu,HI,96813,621340,Limited  Liability Company(LLC),Asian,Unanswered,Unanswered,,8,4/14/20,First Hawaiian Bank,HI-01
143500,KAPOLEI,HI,96709,112111,Subchapter S Corporation,Unanswered,Unanswered,Unanswered,,,4/10/20,Bank of Hawaii,HI-02
143400,WAIKOLOA VILLAGE,HI,96738,238320,Limited  Liability Company(LLC),Unanswered,Unanswered,Unanswered,,20,4/12/20,"American Savings Bank, FSB",HI-02
143400,KAPOLEI,HI,96709,236116,Corporation,Unanswered,Male Owned,Non-Veteran,,14,4/12/20,Central Pacific Bank,HI-02
143400,WAIPAHU,HI,96797,238150,Corporation,Unanswered,Unanswered,Unanswered,,8,4/8/20,Central Pacific Bank,HI-01
143397,Kahului,HI,96732,334510,Corporation,Unanswered,Unanswered,Unanswered,,10,5/1/20,First Hawaiian Bank,HI-02
143300,KAPOLEI,HI,96707,722511,Corporation,Asian,Male Owned,Unanswered,,25,4/5/20,"American Savings Bank, FSB",HI-02
143300,HONOLULU,HI,96814,621111,Corporation,Unanswered,Unanswered,Unanswered,,11,4/8/20,"American Savings Bank, FSB",HI-01
143282,HANALEI,HI,96714,722511,Corporation,Unanswered,Unanswered,Unanswered,,33,5/15/20,Bank of Hawaii,HI-02
143200,HONOLULU,HI,96817,722513,Corporation,Unanswered,Unanswered,Unanswered,,19,4/10/20,Central Pacific Bank,HI-01
143100,HONOLULU,HI,96813,541110,Corporation,Unanswered,Unanswered,Unanswered,,9,4/6/20,"American Savings Bank, FSB",HI-01
143020,KAMUELA,HI,96743,238910,Corporation,Unanswered,Unanswered,Unanswered,,,5/20/20,Bank of Hawaii,HI-02
143000,HONOLULU,HI,96817,333414,Corporation,Unanswered,Unanswered,Unanswered,,,4/13/20,Bank of Hawaii,HI-01
143000,HALEIWA,HI,96712,236220,Corporation,Unanswered,Unanswered,Unanswered,,17,4/5/20,"American Savings Bank, FSB",HI-02
142900,Pearl City,HI,96782,722511,Subchapter S Corporation,Unanswered,Unanswered,Unanswered,,29,4/14/20,First Hawaiian Bank,HI-01
142867.5,HONOLULU,HI,96817,112920,Sole Proprietorship,Unanswered,Unanswered,Unanswered,,9,4/30/20,First Hawaiian Bank,HI-01
142800,KAILUA,HI,96734,621210,Limited  Liability Company(LLC),Unanswered,Unanswered,Unanswered,,16,4/3/20,"American Savings Bank, FSB",HI-02
142800,HONOLULU,HI,96814,236118,Corporation,Unanswered,Unanswered,Unanswered,,36,4/13/20,First Hawaiian Bank,HI-01
142700,HONOLULU,HI,96813,541110,Sole Proprietorship,Unanswered,Unanswered,Unanswered,,8,4/6/20,First Hawaiian Bank,HI-01
142700,WAIPAHU,HI,96797,238220,Corporation,Unanswered,Unanswered,Unanswered,,9,4/9/20,Central Pacific Bank,HI-01
142660,Kapolei,HI,96707,238910,Corporation,Unanswered,Unanswered,Unanswered,,10,4/28/20,First Hawaiian Bank,HI-02
142600,KAUNAKAKAI,HI,96748,236220,Corporation,Unanswered,Unanswered,Unanswered,,18,5/1/20,"American Savings Bank, FSB",HI-02
142475,Hilo,HI,96720,721110,Corporation,Unanswered,Unanswered,Unanswered,,18,4/16/20,First Hawaiian Bank,HI-02
142400,Kailua-Kona,HI,96740,238210,Corporation,Unanswered,Unanswered,Unanswered,,0,5/5/20,Central Pacific Bank,HI-02
142255,WAILUKU,HI,96793,621340,Limited  Liability Company(LLC),Unanswered,Unanswered,Unanswered,,8,5/3/20,First Hawaiian Bank,HI-02
142245,HONOLULU,HI,96817,236118,Limited  Liability Company(LLC),Unanswered,Unanswered,Unanswered,,8,5/3/20,Bank of Hawaii,HI-01
142100,LAHAINA,HI,96761,238910,Limited  Liability Company(LLC),Unanswered,Unanswered,Unanswered,,10,4/11/20,"American Savings Bank, FSB",HI-02
142100,AIEA,HI,96701,446191,Limited  Liability Company(LLC),Unanswered,Unanswered,Unanswered,,7,4/6/20,Central Pacific Bank,HI-01
142100,HONOLULU,HI,96813,333921,Limited  Liability Company(LLC),Unanswered,Male Owned,Non-Veteran,,8,4/7/20,Central Pacific Bank,HI-01
142065,HONOLULU,HI,96815,722511,Corporation,Unanswered,Unanswered,Unanswered,,,4/12/20,Bank of Hawaii,HI-01
142000,HOLUALOA,HI,96725,531390,Limited  Liability Company(LLC),Unanswered,Unanswered,Unanswered,,5,4/15/20,First Hawaiian Bank,HI-02
142000,HILO,HI,96720,441310,Corporation,Unanswered,Male Owned,Unanswered,,13,4/15/20,First Hawaiian Bank,HI-02
142000,HONOLULU,HI,96818,621610,Limited  Liability Company(LLC),Unanswered,Unanswered,Unanswered,,,4/14/20,Central Pacific Bank,HI-01
142000,HONOLULU,HI,96826,813410,Professional Association,Unanswered,Unanswered,Unanswered,,11,4/14/20,Central Pacific Bank,HI-01
142000,Honolulu,HI,96826,561720,Subchapter S Corporation,Unanswered,Unanswered,Unanswered,,27,7/4/20,Fountainhead SBF LLC,HI-01
141950,KAILUA KONA,HI,96745,487110,Limited  Liability Company(LLC),Unanswered,Unanswered,Unanswered,,,4/12/20,Bank of Hawaii,HI-02
141900,LAHAINA,HI,96761,713990,Corporation,Unanswered,Unanswered,Unanswered,,28,4/11/20,First Hawaiian Bank,HI-02
141900,VOLCANO,HI,96785,445120,Corporation,Unanswered,Unanswered,Unanswered,,28,4/7/20,First Hawaiian Bank,HI-02
141900,HONOLULU,HI,96813,813211,Non-Profit Organization,Unanswered,Unanswered,Unanswered,Y,6,4/14/20,Central Pacific Bank,HI-01
141900,Honolulu,HI,96817,236210,Corporation,Unanswered,Unanswered,Unanswered,,11,4/28/20,First Hawaiian Bank,HI-01
141885,KAILUA KONA,HI,96740,424130,Limited  Liability Company(LLC),White,Male Owned,Non-Veteran,,,4/11/20,Bank of Hawaii,HI-02
141860,HONOLULU,HI,96819,531210,Limited  Liability Company(LLC),Unanswered,Unanswered,Unanswered,,,4/10/20,Bank of Hawaii,HI-01
141805,HILO,HI,96720,621111,Corporation,Unanswered,Unanswered,Unanswered,,8,4/27/20,Bank of Hawaii,HI-02
141800,HONOLULU,HI,96822,621210,Limited  Liability Company(LLC),Unanswered,Unanswered,Unanswered,,16,4/10/20,Central Pacific Bank,HI-01
141700,HONOLULU,HI,96819,238340,Limited  Liability Company(LLC),Unanswered,Unanswered,Unanswered,,17,4/15/20,Central Pacific Bank,HI-01
141700,LIHUE,HI,96766,442210,Corporation,White,Female Owned,Non-Veteran,,9,4/5/20,"American Savings Bank, FSB",HI-02
141700,KAMUELA,HI,96743,721110,Subchapter S Corporation,Unanswered,Unanswered,Unanswered,,11,4/15/20,First Hawaiian Bank,HI-02
141620,HILO,HI,96720,313310,Limited  Liability Company(LLC),Unanswered,Unanswered,Unanswered,,19,4/5/20,"American Savings Bank, FSB",HI-02
141600,HONOLULU,HI,96819,541330,Corporation,Unanswered,Unanswered,Unanswered,,9,4/6/20,"American Savings Bank, FSB",HI-01
141600,KAILUA,HI,96734,541330,Limited  Liability Company(LLC),Unanswered,Unanswered,Unanswered,,9,4/6/20,"American Savings Bank, FSB",HI-02
141500,WAIPAHU,HI,96797,238320,Limited  Liability Company(LLC),Unanswered,Male Owned,Unanswered,,15,4/5/20,"American Savings Bank, FSB",HI-01
141500,LIHUE,HI,96766,561710,Corporation,Unanswered,Unanswered,Unanswered,,10,4/14/20,Central Pacific Bank,HI-02
141487.5,HONOLULU,HI,96816,561622,Corporation,Unanswered,Unanswered,Unanswered,,11,5/15/20,First Hawaiian Bank,HI-01
141475,MAKAWAO,HI,96768,713990,Limited  Liability Company(LLC),Unanswered,Unanswered,Unanswered,,20,4/28/20,Bank of Hawaii,HI-02
141300,KAILUA KONA,HI,96740,621111,Corporation,Asian,Unanswered,Unanswered,,,4/15/20,Central Pacific Bank,HI-02
141300,HONOLULU,HI,96817,238330,Limited  Liability Company(LLC),Unanswered,Unanswered,Unanswered,,15,4/5/20,"American Savings Bank, FSB",HI-01
141300,HILO,HI,96720,444220,Corporation,Unanswered,Unanswered,Unanswered,,24,4/30/20,Umpqua Bank,HI-02
141257.5,Honolulu,HI,96814,523930,Sole Proprietorship,Unanswered,Unanswered,Unanswered,,10,5/2/20,First Hawaiian Bank,HI-01
141200,MAKAWAO,HI,96768,712110,Corporation,Unanswered,Unanswered,Unanswered,,22,4/5/20,"American Savings Bank, FSB",HI-02
141107,HONOLULU,HI,96813,236118,Limited  Liability Company(LLC),Unanswered,Unanswered,Unanswered,,9,5/29/20,Bank of Hawaii,HI-01
141100,HILO,HI,96720,238210,Corporation,Unanswered,Male Owned,Veteran,,7,4/16/20,Central Pacific Bank,HI-02
141100,Kailua,HI,96734,811121,Subchapter S Corporation,Unanswered,Unanswered,Unanswered,,11,4/29/20,First Home Bank,HI-02
141000,HONOLULU,HI,96814,621210,Limited  Liability Company(LLC),Unanswered,Unanswered,Unanswered,,8,4/7/20,Central Pacific Bank,HI-01
141000,WAIPAHU,HI,96797,621320,Corporation,Unanswered,Female Owned,Veteran,,15,4/9/20,Central Pacific Bank,HI-01
140914,Haiku,HI,96708,238310,Subchapter S Corporation,Unanswered,Unanswered,Unanswered,,8,6/3/20,First Hawaiian Bank,HI-02
140900,KAILUA,HI,96734,999990,Limited Liability Partnership,Unanswered,Unanswered,Unanswered,,25,4/12/20,"American Savings Bank, FSB",HI-02
140900,HONOLULU,HI,96817,624210,Corporation,Unanswered,Unanswered,Unanswered,,13,4/9/20,Central Pacific Bank,HI-01
140800,HONOLULU,HI,96814,523930,Limited  Liability Company(LLC),Unanswered,Unanswered,Unanswered,,7,4/9/20,First Hawaiian Bank,HI-01
140760,HONOLULU,HI,96819,238220,Limited  Liability Company(LLC),Unanswered,Unanswered,Unanswered,,,4/12/20,Bank of Hawaii,HI-01
140700,HONOLULU,HI,96813,813219,Non-Profit Organization,Unanswered,Unanswered,Unanswered,Y,13,4/10/20,Central Pacific Bank,HI-01
140500,HONOLULU,HI,96813,621391,Limited  Liability Company(LLC),Unanswered,Male Owned,Non-Veteran,,6,4/11/20,Central Pacific Bank,HI-01
140500,HONOLULU,HI,96814,541211,Corporation,Unanswered,Male Owned,Unanswered,,9,4/3/20,"American Savings Bank, FSB",HI-01
140500,HONOLULU,HI,96813,621340,Limited  Liability Company(LLC),White,Male Owned,Non-Veteran,,9,4/3/20,"American Savings Bank, FSB",HI-01
140500,HONOLULU,HI,96813,541211,Limited  Liability Company(LLC),Unanswered,Unanswered,Unanswered,,10,4/8/20,First Hawaiian Bank,HI-01
140425,HONOLULU,HI,96813,442110,Corporation,Unanswered,Unanswered,Unanswered,,16,4/5/20,Bank of Hawaii,HI-01
140400,WAIMANALO,HI,96795,236115,Subchapter S Corporation,Unanswered,Unanswered,Unanswered,,13,4/13/20,"American Savings Bank, FSB",HI-02
140400,HONOLULU,HI,96813,541211,Limited  Liability Company(LLC),Unanswered,Male Owned,Unanswered,,10,4/3/20,"American Savings Bank, FSB",HI-01
140300,HONOLULU,HI,96813,541511,Corporation,Unanswered,Unanswered,Unanswered,,7,4/15/20,"American Savings Bank, FSB",HI-01
140300,HONOLULU,HI,96822,445299,Limited  Liability Company(LLC),Unanswered,Unanswered,Unanswered,,84,4/9/20,Central Pacific Bank,HI-01
140300,HONOLULU,HI,96822,813110,Non-Profit Organization,Unanswered,Unanswered,Unanswered,Y,17,4/9/20,First Hawaiian Bank,HI-01
140200,HONOLULU,HI,96819,624110,Non-Profit Organization,Unanswered,Unanswered,Unanswered,Y,14,4/11/20,First Hawaiian Bank,HI-01
140200,AIEA,HI,96701,238220,Corporation,Unanswered,Unanswered,Unanswered,,11,4/9/20,"American Savings Bank, FSB",HI-01
140145,WAIPAHU,HI,96797,238160,Limited  Liability Company(LLC),Unanswered,Male Owned,Unanswered,,0,4/30/20,Central Pacific Bank,HI-01
140100,WAILUKU,HI,96793,541211,Sole Proprietorship,Unanswered,Unanswered,Unanswered,,8,4/12/20,Central Pacific Bank,HI-02
140100,Kapolei,HI,96707,423390,Corporation,Unanswered,Male Owned,Non-Veteran,,10,5/1/20,"American Savings Bank, FSB",HI-02
140035,HONOLULU,HI,96816,531120,Subchapter S Corporation,Unanswered,Unanswered,Unanswered,,,4/13/20,Bank of Hawaii,HI-01
140000,HONOLULU,HI,96814,442291,Corporation,Unanswered,Unanswered,Unanswered,,9,4/14/20,Central Pacific Bank,HI-01
140000,WAIPAHU,HI,96797,238220,Corporation,Unanswered,Unanswered,Unanswered,,8,4/8/20,Central Pacific Bank,HI-01
140000,KANEOHE,HI,96744,621210,Limited  Liability Company(LLC),Unanswered,Unanswered,Unanswered,,13,4/9/20,Central Pacific Bank,HI-02
140000,Honolulu,HI,96813,722513,Corporation,Unanswered,Unanswered,Unanswered,,25,5/3/20,"Newtek Small Business Finance, Inc.",HI-01
139992.5,Wailuku,HI,96793,441320,Subchapter S Corporation,Unanswered,Unanswered,Unanswered,,11,4/14/20,First Hawaiian Bank,HI-02
139948,WAHIAWA,HI,96786,813110,Non-Profit Organization,Unanswered,Unanswered,Unanswered,Y,,4/14/20,Bank of Hawaii,HI-02
139900,HILO,HI,96720,221310,Corporation,Unanswered,Unanswered,Unanswered,,16,4/12/20,Central Pacific Bank,HI-02
139900,KIHEI,HI,96753,621210,Limited  Liability Company(LLC),Unanswered,Unanswered,Unanswered,,11,4/7/20,Central Pacific Bank,HI-02
139895,HILO,HI,96720,541940,Limited  Liability Company(LLC),Unanswered,Unanswered,Unanswered,,19,4/27/20,Bank of Hawaii,HI-02
139730,HONOLULU,HI,96814,561520,Limited  Liability Company(LLC),Unanswered,Female Owned,Non-Veteran,,,4/13/20,Bank of Hawaii,HI-01
139700,KANEOHE,HI,96744,621210,Corporation,Unanswered,Unanswered,Unanswered,,16,4/5/20,Central Pacific Bank,HI-02
139600,PUUNENE,HI,96784,481211,Corporation,Unanswered,Unanswered,Unanswered,,7,4/11/20,1st Source Bank,HI-02
139500,KULA,HI,96790,221310,Corporation,Unanswered,Unanswered,Unanswered,,11,4/9/20,"American Savings Bank, FSB",HI-02
139500,HONOLULU,HI,96814,523930,Limited  Liability Company(LLC),Asian,Male Owned,Unanswered,,8,4/3/20,"American Savings Bank, FSB",HI-01
139500,HALEIWA,HI,96712,621310,Corporation,Unanswered,Unanswered,Unanswered,,9,4/8/20,First Hawaiian Bank,HI-02
139400,HONOLULU,HI,96813,541330,Limited  Liability Company(LLC),Unanswered,Unanswered,Unanswered,,9,4/7/20,Central Pacific Bank,HI-01
139320,Honolulu,HI,96819,423930,Limited  Liability Company(LLC),Unanswered,Unanswered,Unanswered,,11,4/28/20,First Hawaiian Bank,HI-01
139300,HONOLULUlulu,HI,96822,238210,Subchapter S Corporation,American Indian or Alaska Native,Male Owned,Non-Veteran,,,4/15/20,Central Pacific Bank,HI-01
139300,WAIALUA,HI,96791,813110,Non-Profit Organization,Unanswered,Unanswered,Unanswered,Y,27,4/9/20,Central Pacific Bank,HI-02
139282.5,Kailua Kona,HI,96740,541940,Limited  Liability Company(LLC),Unanswered,Unanswered,Unanswered,,12,4/30/20,First Hawaiian Bank,HI-02
139265,HONOLULU,HI,96817,722513,Corporation,Unanswered,Male Owned,Non-Veteran,,12,4/28/20,Bank of Hawaii,HI-01
139200,HALEIWA,HI,96712,238160,Limited  Liability Company(LLC),Unanswered,Unanswered,Unanswered,,18,4/11/20,"American Savings Bank, FSB",HI-02
139200,HONOLULU,HI,96826,711130,Corporation,Unanswered,Unanswered,Unanswered,,97,4/3/20,First Hawaiian Bank,HI-01
139116,Kapaa,HI,96746,445110,Corporation,Unanswered,Unanswered,Unanswered,,0,5/1/20,Central Pacific Bank,HI-02
139000,Aiea,HI,96701,621111,Limited  Liability Company(LLC),Asian,Male Owned,Non-Veteran,,12,4/14/20,Hawaii National Bank,HI-01
138910,HILO,HI,96720,445110,Subchapter S Corporation,Unanswered,Unanswered,Unanswered,,,4/13/20,CU Hawaii FCU,HI-02
138800,HONOLULU,HI,96814,812990,Subchapter S Corporation,Unanswered,Unanswered,Unanswered,,25,4/28/20,"American Savings Bank, FSB",HI-01
138700,HONOLULU,HI,96822,238350,Corporation,Unanswered,Unanswered,Unanswered,,10,4/15/20,Central Pacific Bank,HI-01
138521,KEALAKEKUA,HI,96750,621210,Corporation,Unanswered,Unanswered,Unanswered,,,5/11/20,"T Bank, National Association",HI-02
138500,KAPOLEI,HI,96707,611110,Non-Profit Organization,Unanswered,Unanswered,Unanswered,Y,20,4/5/20,"American Savings Bank, FSB",HI-02
138300,LIHUE,HI,96766,812320,Corporation,White,Female Owned,Non-Veteran,,14,4/15/20,First Hawaiian Bank,HI-02
138300,HONOLULU,HI,96817,722511,Limited  Liability Company(LLC),Asian,Male Owned,Non-Veteran,,32,4/13/20,Central Pacific Bank,HI-01
138262,PRINCEVILLE,HI,96722,447110,Corporation,Unanswered,Unanswered,Unanswered,,13,4/27/20,Bank of Hawaii,HI-02
138224,KUALAPUU,HI,96757,445110,Corporation,Unanswered,Unanswered,Unanswered,,,7/28/20,Bank of Hawaii,HI-02
138200,LAHAINA,HI,96761,442210,Subchapter S Corporation,Unanswered,Unanswered,Unanswered,,9,4/9/20,"American Savings Bank, FSB",HI-02
138200,MILILANI,HI,96789,812112,Limited Liability Partnership,Asian,Male Owned,Unanswered,,15,4/10/20,"American Savings Bank, FSB",HI-01
138200,HONOLULU,HI,96826,722513,Corporation,Asian,Female Owned,Non-Veteran,,30,4/3/20,Hawaii National Bank,HI-01
138200,HONOLULU,HI,96816,541330,Corporation,Unanswered,Unanswered,Unanswered,,12,4/7/20,First Hawaiian Bank,HI-01
138123.75,Kona,HI,96740,722511,Limited  Liability Company(LLC),Unanswered,Male Owned,Unanswered,,34,4/28/20,Northrim Bank,HI-02
138100,KANEOHE,HI,96744,236220,Limited  Liability Company(LLC),Unanswered,Unanswered,Unanswered,,11,4/7/20,First Hawaiian Bank,HI-02
138085,KAILUA KONA,HI,96740,722511,Subchapter S Corporation,Unanswered,Male Owned,Non-Veteran,,,4/13/20,Bank of Hawaii,HI-02
138069,Mililani,HI,96789,111219,Limited  Liability Company(LLC),Unanswered,Unanswered,Unanswered,,15,4/30/20,First Hawaiian Bank,HI-01
138042,LIHUE,HI,96766,446110,Corporation,Unanswered,Male Owned,Non-Veteran,,12,4/28/20,Bank of Hawaii,HI-02
138000,KAHULUI,HI,96732,561311,Corporation,Asian,Female Owned,Unanswered,,8,4/4/20,"American Savings Bank, FSB",HI-02
138000,HONOLULU,HI,96819,238190,Limited  Liability Company(LLC),Unanswered,Unanswered,Unanswered,,5,4/7/20,First Hawaiian Bank,HI-01
137900,HONOLULU,HI,96817,813110,Non-Profit Organization,Unanswered,Unanswered,Unanswered,Y,9,4/13/20,First Hawaiian Bank,HI-01
137900,Waipahu,HI,96797,541940,Corporation,Unanswered,Unanswered,Unanswered,,11,4/30/20,First Hawaiian Bank,HI-01
137825,HONOLULU,HI,96821,812990,Professional Association,Unanswered,Unanswered,Unanswered,,,5/12/20,Bank of Hawaii,HI-01
137825,HONOLULU,HI,96813,722513,Limited  Liability Company(LLC),Unanswered,Male Owned,Non-Veteran,,22,4/30/20,b1Bank,HI-01
137725,Honolulu,HI,96817,621111,Subchapter S Corporation,Unanswered,Unanswered,Unanswered,,7,4/14/20,First Hawaiian Bank,HI-01
137700,KEAAU,HI,96749,424930,Corporation,Unanswered,Unanswered,Unanswered,,,4/11/20,Bank of Hawaii,HI-02
137700,AIEA,HI,96701,423450,Limited  Liability Company(LLC),Asian,Male Owned,Veteran,,15,4/7/20,Central Pacific Bank,HI-01
137700,KAMUELA,HI,96743,335991,Independent Contractors,Unanswered,Unanswered,Unanswered,,12,4/8/20,"American Savings Bank, FSB",HI-02
137685,WAILUKU,HI,96793,812990,Corporation,Unanswered,Unanswered,Unanswered,,,4/11/20,Bank of Hawaii,HI-02
137675,HONOLULU,HI,96813,446199,Corporation,White,Female Owned,Non-Veteran,,,4/14/20,Bank of Hawaii,HI-01
137600,Honolulu,HI,96826,624410,Non-Profit Organization,Unanswered,Unanswered,Unanswered,Y,20,4/29/20,First Hawaiian Bank,HI-01
137500,WAILUKU,HI,96793,531390,Corporation,Unanswered,Female Owned,Non-Veteran,,12,4/15/20,First Hawaiian Bank,HI-02
137500,KEAAU,HI,96749,447110,Corporation,Unanswered,Male Owned,Non-Veteran,,,4/12/20,Bank of Hawaii,HI-02
137500,KAHULUI,HI,96732,811121,Corporation,Asian,Female Owned,Non-Veteran,,13,4/5/20,"American Savings Bank, FSB",HI-02
137500,HONOLULU,HI,96814,621320,Corporation,Unanswered,Unanswered,Unanswered,,11,4/6/20,Central Pacific Bank,HI-01
137500,HONOLULU,HI,96815,621111,Limited  Liability Company(LLC),Unanswered,Unanswered,Unanswered,,7,4/6/20,Central Pacific Bank,HI-01
137500,Honolulu,HI,96801,541370,Corporation,Unanswered,Unanswered,Unanswered,,12,4/28/20,First Hawaiian Bank,HI-01
137500,AIEA,HI,96701,339116,Corporation,Unanswered,Male Owned,Non-Veteran,,20,4/8/20,Central Pacific Bank,HI-01
137400,Kapaa,HI,96746,561499,Corporation,Unanswered,Male Owned,Unanswered,,0,5/10/20,Central Pacific Bank,HI-02
137400,HONOLULU,HI,96826,813219,Non-Profit Organization,Unanswered,Unanswered,Unanswered,Y,16,4/8/20,Central Pacific Bank,HI-01
137300,HONOLULU,HI,96815,621111,Corporation,Unanswered,Unanswered,Unanswered,,18,4/11/20,Central Pacific Bank,HI-01
137242,KAMUELA,HI,96743,446191,Corporation,Unanswered,Unanswered,Unanswered,,18,5/8/20,Bank of Hawaii,HI-02
137200,KURTISTOWN,HI,96760,111336,Corporation,Unanswered,Unanswered,Unanswered,,14,4/8/20,First Hawaiian Bank,HI-02
137000,HONOLULU,HI,96814,339114,Corporation,Unanswered,Unanswered,Unanswered,,10,4/16/20,First Hawaiian Bank,HI-01
137000,HONOLULU,HI,96817,722513,Corporation,Unanswered,Unanswered,Unanswered,,48,4/9/20,Central Pacific Bank,HI-01
136800,KILAUEA,HI,96754,238990,Limited  Liability Company(LLC),Unanswered,Unanswered,Unanswered,,10,4/11/20,First Hawaiian Bank,HI-02
136700,KAPAA,HI,96746,325611,Limited  Liability Company(LLC),Unanswered,Male Owned,Non-Veteran,,20,4/9/20,First Hawaiian Bank,HI-02
136600,KAPOLEI,HI,96707,324121,Corporation,Unanswered,Female Owned,Non-Veteran,,9,4/6/20,Central Pacific Bank,HI-02
136545,HONOLULU,HI,96816,561520,Corporation,Unanswered,Unanswered,Unanswered,,,4/13/20,Bank of Hawaii,HI-01
136500,CAPTAIN COOK,HI,96704,238330,Corporation,Unanswered,Unanswered,Unanswered,,12,4/7/20,"American Savings Bank, FSB",HI-02
136400,HONOLULU,HI,96816,611511,Limited  Liability Company(LLC),Unanswered,Unanswered,Unanswered,,21,4/27/20,First Hawaiian Bank,HI-01
136400,HONOLULU,HI,96816,238210,Subchapter S Corporation,Unanswered,Unanswered,Unanswered,,8,4/7/20,First Hawaiian Bank,HI-01
136300,HONOLULU,HI,96813,518210,Limited  Liability Company(LLC),Unanswered,Unanswered,Unanswered,,7,4/9/20,Central Pacific Bank,HI-01
136200,KAILUA,HI,96734,423320,Corporation,White,Male Owned,Non-Veteran,,10,4/8/20,"American Savings Bank, FSB",HI-02
136185,HONOLULU,HI,96826,722320,Corporation,Unanswered,Unanswered,Unanswered,,23,4/27/20,Bank of Hawaii,HI-01
136100,HILO,HI,96720,531190,Limited  Liability Company(LLC),Asian,Male Owned,Unanswered,,15,4/11/20,First Hawaiian Bank,HI-02
136100,HONOLULU,HI,96815,531210,Corporation,Unanswered,Unanswered,Unanswered,,8,4/6/20,Bank of Hawaii,HI-01
136100,Honolulu,HI,96819,811111,Subchapter S Corporation,Unanswered,Unanswered,Unanswered,,8,4/14/20,First Hawaiian Bank,HI-01
136100,HONOLULU,HI,96814,237310,Corporation,Unanswered,Unanswered,Unanswered,,17,4/14/20,Central Pacific Bank,HI-01
136070,HONOLULU,HI,96824,238220,Limited  Liability Company(LLC),Asian,Male Owned,Non-Veteran,,,4/12/20,Bank of Hawaii,HI-01
136000,HONOLULU,HI,96813,531390,Subchapter S Corporation,Unanswered,Unanswered,Unanswered,,,4/10/20,Bank of Hawaii,HI-01
136000,KAHULUI,HI,96732,444190,Corporation,Unanswered,Male Owned,Non-Veteran,,13,4/4/20,"American Savings Bank, FSB",HI-02
136000,LAHAINA,HI,96761,236115,Corporation,Unanswered,Male Owned,Non-Veteran,,6,4/14/20,First Hawaiian Bank,HI-02
136000,WAIPAHU,HI,96797,811310,Corporation,Unanswered,Unanswered,Unanswered,,11,4/8/20,First Hawaiian Bank,HI-01
135900,HONOLULU,HI,96819,624190,Professional Association,Unanswered,Unanswered,Unanswered,,15,4/11/20,Central Pacific Bank,HI-01
135900,AIEA,HI,96701,621210,Limited  Liability Company(LLC),Unanswered,Unanswered,Unanswered,,12,4/12/20,Central Pacific Bank,HI-01
135887,HILO,HI,96720,722513,Corporation,Asian,Male Owned,Non-Veteran,,27,4/8/20,Hawaii National Bank,HI-02
135800,LAHAINA,HI,96761,621210,Sole Proprietorship,Unanswered,Unanswered,Unanswered,,8,4/27/20,Bank of Hawaii,HI-02
135700,KAILUA-KONA,HI,96740,238210,Limited  Liability Company(LLC),Unanswered,Male Owned,Unanswered,,10,5/15/20,"American Savings Bank, FSB",HI-02
135500,HONOLULU,HI,96815,713990,Corporation,Unanswered,Unanswered,Unanswered,,,4/12/20,Bank of Hawaii,HI-01
135400,Honolulu,HI,96825,236115,Corporation,White,Male Owned,Non-Veteran,,11,5/11/20,Hawaii National Bank,HI-01
135400,HONOLULU,HI,96819,423620,Corporation,Unanswered,Unanswered,Unanswered,,4,4/13/20,Central Pacific Bank,HI-01
135400,AIEA,HI,96701,811198,Limited  Liability Company(LLC),Unanswered,Unanswered,Unanswered,,6,4/8/20,Central Pacific Bank,HI-01
135230,Honolulu,HI,96817,541211,Limited  Liability Company(LLC),Unanswered,Male Owned,Non-Veteran,,15,6/29/20,1st Financial Bank USA,HI-01
135200,HONOLULU,HI,96825,722511,Corporation,Unanswered,Unanswered,Unanswered,,35,4/8/20,Central Pacific Bank,HI-01
135182,KANEOHE,HI,96744,238290,Limited  Liability Company(LLC),Unanswered,Male Owned,Non-Veteran,,21,4/7/20,Central Pacific Bank,HI-02
135100,WAIPAHU,HI,96797,238210,Limited  Liability Company(LLC),Unanswered,Unanswered,Unanswered,,14,5/21/20,"American Savings Bank, FSB",HI-01
135100,EWA BEACH,HI,96706,238220,Subchapter S Corporation,Unanswered,Unanswered,Veteran,,8,4/7/20,Bank of Hawaii,HI-01
135000,Honokaa,HI,96727,562998,Corporation,Unanswered,Unanswered,Unanswered,,20,4/29/20,Hawaii Community FCU,HI-02
134900,HONOLULU,HI,96819,238220,Corporation,Unanswered,Male Owned,Unanswered,,6,4/4/20,"American Savings Bank, FSB",HI-01
134700,AIEA,HI,96701,541611,Corporation,Unanswered,Unanswered,Unanswered,,8,4/6/20,"American Savings Bank, FSB",HI-01
134700,HILO,HI,96720,541211,Corporation,Unanswered,Unanswered,Unanswered,,18,4/6/20,First Hawaiian Bank,HI-02
134700,KAPOLEI,HI,96707,811111,Limited  Liability Company(LLC),Unanswered,Unanswered,Unanswered,,13,4/7/20,"American Savings Bank, FSB",HI-02
134695,HONOLULU,HI,96815,722513,Corporation,Unanswered,Unanswered,Unanswered,,22,4/27/20,Bank of Hawaii,HI-01
134682,LAHAINA,HI,96761,541690,Corporation,Unanswered,Unanswered,Unanswered,,8,5/3/20,"Bank of America, National Association",HI-02
134662,HONOLULU,HI,96813,722513,Subchapter S Corporation,White,Male Owned,Non-Veteran,,32,4/16/20,First Bank of the Lake,HI-01
134600,WAILUKU,HI,96793,311710,Limited  Liability Company(LLC),Unanswered,Unanswered,Unanswered,,14,4/11/20,"American Savings Bank, FSB",HI-02
134585,Lihue,HI,96766,561110,Limited  Liability Company(LLC),Unanswered,Male Owned,Non-Veteran,,9,4/28/20,First Hawaiian Bank,HI-02
134515,LAHAINA,HI,96761,531110,Partnership,Unanswered,Unanswered,Unanswered,,,4/13/20,Bank of Hawaii,HI-02
134400,WAILUKU,HI,96793,511199,Corporation,White,Female Owned,Non-Veteran,,8,4/8/20,First Hawaiian Bank,HI-02
134355,HONOLULU,HI,96819,424460,Subchapter S Corporation,Unanswered,Unanswered,Unanswered,,,4/12/20,Bank of Hawaii,HI-01
134200,HONOLULU,HI,96819,238150,Corporation,White,Male Owned,Non-Veteran,,9,4/7/20,Central Pacific Bank,HI-01
134157.5,Naalehu,HI,96772,999990,Partnership,Unanswered,Unanswered,Unanswered,,36,4/15/20,First Hawaiian Bank,HI-02
134125,AIEA,HI,96701,722513,Subchapter S Corporation,Unanswered,Male Owned,Non-Veteran,,,4/12/20,Bank of Hawaii,HI-01
134117,KAPOLEI,HI,96707,811310,Corporation,Unanswered,Unanswered,Unanswered,,7,4/11/20,"American Savings Bank, FSB",HI-02
134000,HONOLULU,HI,96816,621340,Corporation,Unanswered,Male Owned,Non-Veteran,,8,4/10/20,Central Pacific Bank,HI-01
134000,Honolulu,HI,96814,621210,Sole Proprietorship,Asian,Unanswered,Unanswered,,10,4/13/20,Hawaii National Bank,HI-01
134000,HONOLULU,HI,96814,541613,Limited  Liability Company(LLC),Asian,Unanswered,Unanswered,,15,4/7/20,"American Savings Bank, FSB",HI-01
134000,MILILANI,HI,96789,722513,Corporation,Unanswered,Unanswered,Unanswered,,0,4/30/20,Central Pacific Bank,HI-01
133927,PEARL CITY City,HI,96782,621210,Limited  Liability Company(LLC),Asian,Male Owned,Non-Veteran,,,4/14/20,Central Pacific Bank,HI-01
133900,KAILUA,HI,96734,621210,Corporation,Unanswered,Unanswered,Unanswered,,0,4/29/20,Central Pacific Bank,HI-02
133900,WAILUKU,HI,96793,541430,Subchapter S Corporation,Unanswered,Female Owned,Unanswered,,8,4/5/20,Central Pacific Bank,HI-02
133900,WAILUKU,HI,96793,562111,Limited  Liability Company(LLC),Unanswered,Unanswered,Unanswered,,9,4/6/20,Central Pacific Bank,HI-02
133900,HONOLULU,HI,96817,541310,Limited  Liability Company(LLC),Unanswered,Unanswered,Unanswered,,13,4/9/20,First Hawaiian Bank,HI-01
133800,HONOLULU,HI,96814,511120,Corporation,Unanswered,Unanswered,Unanswered,,12,4/8/20,Central Pacific Bank,HI-01
133750,PAIA,HI,96779,722511,Limited  Liability Company(LLC),Unanswered,Unanswered,Unanswered,,4,4/27/20,Bank of Hawaii,HI-02
133700,HONOLULU,HI,96814,424910,Corporation,Unanswered,Unanswered,Unanswered,,13,4/3/20,"American Savings Bank, FSB",HI-01
133700,KAPOLEI,HI,96707,238220,Corporation,Unanswered,Unanswered,Unanswered,,12,4/13/20,Central Pacific Bank,HI-02
133600,HONOLULU,HI,96813,541110,Sole Proprietorship,Unanswered,Unanswered,Unanswered,,14,4/15/20,First Hawaiian Bank,HI-01
133600,KAILUA,HI,96734,236115,Subchapter S Corporation,White,Male Owned,Unanswered,,10,4/5/20,"American Savings Bank, FSB",HI-02
133500,HONOLULU,HI,96819,488190,Limited  Liability Company(LLC),Unanswered,Unanswered,Unanswered,,6,5/4/20,Central Pacific Bank,HI-01
133500,HONOLULU,HI,96813,722513,Corporation,White,Male Owned,Non-Veteran,,25,4/6/20,First Hawaiian Bank,HI-01
133500,HONOLULU,HI,96817,445210,Corporation,Unanswered,Male Owned,Non-Veteran,,11,4/7/20,First Hawaiian Bank,HI-01
133400,Honolulu,HI,96813,448210,Corporation,Unanswered,Male Owned,Non-Veteran,,19,4/15/20,Hawaii National Bank,HI-01
133300,HANALEI,HI,96714,448190,Corporation,Unanswered,Male Owned,Unanswered,,47,4/10/20,First Hawaiian Bank,HI-02
133300,HONOLULU,HI,96819,811310,Subchapter S Corporation,Unanswered,Unanswered,Unanswered,,13,4/27/20,First Hawaiian Bank,HI-01
133290,HONOLULU,HI,96819,722320,Subchapter S Corporation,Unanswered,Unanswered,Unanswered,,12,4/27/20,First Hawaiian Bank,HI-01
133240,HONOLULU,HI,96815,721110,Corporation,Unanswered,Unanswered,Unanswered,,,4/16/20,Bank of Hawaii,HI-01
133200,HONOLULU,HI,96819,444190,Corporation,Unanswered,Unanswered,Unanswered,,13,4/8/20,Central Pacific Bank,HI-01
133200,KEAAU,HI,96749,611110,Non-Profit Organization,Unanswered,Unanswered,Unanswered,Y,39,4/9/20,"American Savings Bank, FSB",HI-02
133195,HAIKU,HI,96708,238130,Corporation,Unanswered,Unanswered,Unanswered,,6,4/27/20,Bank of Hawaii,HI-02
133100,PAIA,HI,96779,711110,Limited  Liability Company(LLC),Unanswered,Unanswered,Unanswered,,9,4/15/20,Security State Bank & Trust,HI-02
133000,HONOLULU,HI,96814,621340,Limited  Liability Company(LLC),Unanswered,Male Owned,Non-Veteran,,9,4/10/20,"American Savings Bank, FSB",HI-01
132900,HONOLULU,HI,96819,541320,Limited  Liability Company(LLC),White,Female Owned,Non-Veteran,,25,4/12/20,Central Pacific Bank,HI-01
132800,Kailua,HI,96734,484110,Limited  Liability Company(LLC),Unanswered,Unanswered,Unanswered,,12,4/14/20,First Hawaiian Bank,HI-02
132800,HONOLULU,HI,96819,424720,Limited  Liability Company(LLC),Unanswered,Unanswered,Unanswered,,12,4/7/20,Central Pacific Bank,HI-01
132700,HONOLULU,HI,96813,541110,Limited  Liability Company(LLC),Unanswered,Unanswered,Unanswered,,8,4/15/20,First Hawaiian Bank,HI-01
132700,KAPAA,HI,96746,713990,Limited  Liability Company(LLC),Unanswered,Unanswered,Unanswered,,16,5/2/20,"American Savings Bank, FSB",HI-02
132646,HONOLULU,HI,96813,541310,Corporation,Unanswered,Unanswered,Unanswered,,0,5/3/20,Central Pacific Bank,HI-01
132620,Hilo,HI,96720,238210,Limited  Liability Company(LLC),Unanswered,Unanswered,Unanswered,,10,4/16/20,First Hawaiian Bank,HI-02
132609,KILAUEA,HI,96754,712130,Non-Profit Organization,Unanswered,Unanswered,Unanswered,Y,10,4/28/20,Gather FCU,HI-02
132600,KAHULUI,HI,96732,423840,Limited  Liability Company(LLC),Unanswered,Male Owned,Unanswered,,15,4/4/20,Hawaii National Bank,HI-02
132500,HONOLULU,HI,96813,541611,Corporation,Unanswered,Unanswered,Unanswered,,6,4/10/20,Central Pacific Bank,HI-01
132500,WAIPAHU,HI,96797,423440,Corporation,Asian,Male Owned,Unanswered,,11,4/4/20,"American Savings Bank, FSB",HI-01
132500,HONOLULU,HI,96826,722513,Corporation,Unanswered,Unanswered,Unanswered,,23,4/6/20,Central Pacific Bank,HI-01
132500,KAILUA KONA,HI,96740,448190,Corporation,Unanswered,Unanswered,Unanswered,,90,4/8/20,"American Savings Bank, FSB",HI-02
132492.5,Keaau,HI,96749,488410,Corporation,Unanswered,Male Owned,Non-Veteran,,16,4/27/20,First Hawaiian Bank,HI-02
132390,KAHULUI,HI,96732,485111,Corporation,White,Male Owned,Non-Veteran,,20,4/15/20,HawaiiUSA FCU,HI-02
132300,HONOLULU,HI,96813,541110,Limited Liability Partnership,Unanswered,Unanswered,Unanswered,,9,4/11/20,"BOKF, National Association",HI-01
132300,Kihei,HI,96753,561520,Corporation,White,Male Owned,Non-Veteran,,13,4/27/20,Hawaii National Bank,HI-02
132300,WAILUKU,HI,96793,621498,Limited  Liability Company(LLC),Unanswered,Unanswered,Unanswered,,6,4/9/20,Central Pacific Bank,HI-02
132200,HILO,HI,96720,238990,Corporation,Unanswered,Unanswered,Unanswered,,17,4/5/20,"American Savings Bank, FSB",HI-02
132200,HONOLULU,HI,96816,447190,Corporation,Unanswered,Unanswered,Unanswered,,17,4/8/20,"American Savings Bank, FSB",HI-01
132100,HONOLULU,HI,96819,337110,Corporation,White,Male Owned,Non-Veteran,,6,4/6/20,First Hawaiian Bank,HI-01
132100,HONOLULU,HI,96813,238320,Corporation,Unanswered,Unanswered,Unanswered,,9,4/6/20,First Hawaiian Bank,HI-01
132100,LIHUE,HI,96766,238190,Limited  Liability Company(LLC),Unanswered,Unanswered,Unanswered,,16,4/8/20,Central Pacific Bank,HI-02
132100,MAKAWAO,HI,96768,452319,Corporation,Unanswered,Unanswered,Unanswered,,,4/9/20,Bank of Hawaii,HI-02
132000,LIHUE,HI,96766,811121,Limited  Liability Company(LLC),Unanswered,Unanswered,Unanswered,,11,4/10/20,First Hawaiian Bank,HI-02
132000,HONOLULU,HI,96813,621111,Corporation,Unanswered,Unanswered,Unanswered,,8,4/27/20,Bank of Hawaii,HI-01
132000,Honolulu,HI,96813,541611,Limited  Liability Company(LLC),Unanswered,Unanswered,Unanswered,,,8/6/20,Radius Bank,HI-01
131980,WAHIAWA,HI,96786,238220,Corporation,Unanswered,Unanswered,Unanswered,,24,5/12/20,Bank of Hawaii,HI-02
131975,Laupahoehoe,HI,96764,236118,Limited  Liability Company(LLC),Unanswered,Unanswered,Unanswered,,7,4/14/20,First Hawaiian Bank,HI-02
131800,HONOLULU,HI,96819,238210,Corporation,Unanswered,Male Owned,Non-Veteran,,12,4/11/20,"American Savings Bank, FSB",HI-01
131700,WAIALUA,HI,96791,325620,Corporation,Unanswered,Female Owned,Unanswered,,19,4/4/20,"American Savings Bank, FSB",HI-02
131700,HONOLULU,HI,96826,541310,Corporation,Unanswered,Unanswered,Unanswered,,8,4/5/20,First Hawaiian Bank,HI-01
131600,Kaneohe,HI,96744,236220,Corporation,Unanswered,Unanswered,Unanswered,,9,4/16/20,First Hawaiian Bank,HI-02
131600,KAPAA,HI,96746,238220,Corporation,Unanswered,Unanswered,Unanswered,,10,4/11/20,"American Savings Bank, FSB",HI-02
131600,HONOLULU,HI,96814,722410,Corporation,Asian,Female Owned,Non-Veteran,,20,4/9/20,Hawaii National Bank,HI-01
131564,KANEOHE,HI,96744,812990,Corporation,Unanswered,Unanswered,Unanswered,,,4/16/20,Bank of Hawaii,HI-02
131500,KANEOHE,HI,96744,621210,Subchapter S Corporation,Unanswered,Male Owned,Non-Veteran,,13,4/10/20,First Hawaiian Bank,HI-02
131500,HONOLULU,HI,96817,623990,Limited  Liability Company(LLC),Unanswered,Unanswered,Unanswered,,23,4/29/20,First Hawaiian Bank,HI-01
131500,KAILUA,HI,96734,311351,Limited  Liability Company(LLC),White,Male Owned,Non-Veteran,,25,4/28/20,Central Pacific Bank,HI-02
131500,WAIPAHU,HI,96797,999990,Limited  Liability Company(LLC),Unanswered,Unanswered,Unanswered,,6,4/7/20,First Hawaiian Bank,HI-01
131475,HONOLULU,HI,96819,448190,Limited  Liability Company(LLC),Unanswered,Unanswered,Unanswered,,,4/15/20,Bank of Hawaii,HI-01
131450.55,EWA BEACH,HI,96706,621210,Limited  Liability Company(LLC),Unanswered,Unanswered,Unanswered,,12,4/13/20,HawaiiUSA FCU,HI-01
131400,HONOLULU,HI,96815,722511,Corporation,Unanswered,Unanswered,Unanswered,,30,4/15/20,Central Pacific Bank,HI-01
131355,Honolulu,HI,96813,813110,Non-Profit Organization,Unanswered,Unanswered,Unanswered,Y,21,4/29/20,First Hawaiian Bank,HI-01
131345,WAIPAHU,HI,96797,722330,Subchapter S Corporation,Unanswered,Unanswered,Unanswered,,,4/15/20,Bank of Hawaii,HI-01
131300,PEARL CITY,HI,96782,238160,Corporation,White,Male Owned,Unanswered,,7,4/9/20,First Hawaiian Bank,HI-01
131125,WAILUKU,HI,96793,713110,Limited  Liability Company(LLC),Unanswered,Unanswered,Unanswered,,,5/11/20,Bank of Hawaii,HI-02
131100,KIHEI,HI,96753,531120,Corporation,White,Female Owned,Non-Veteran,,13,4/9/20,Hawaii National Bank,HI-02
131000,WAIPAHU,HI,96797,621610,Subchapter S Corporation,Unanswered,Unanswered,Unanswered,,12,4/10/20,"American Savings Bank, FSB",HI-01
130915,KANEOHE,HI,96744,722511,Limited  Liability Company(LLC),Unanswered,Unanswered,Non-Veteran,,,5/13/20,Bank of Hawaii,HI-02
130800,WAIPAHU,HI,96797,424490,Corporation,Asian,Male Owned,Non-Veteran,,23,4/6/20,Central Pacific Bank,HI-01
130750,Honolulu,HI,96815,531311,Corporation,Unanswered,Unanswered,Unanswered,,15,5/15/20,First Hawaiian Bank,HI-01
130700,HONOLULU,HI,96814,446199,Corporation,Asian,Female Owned,Non-Veteran,,14,4/9/20,"American Savings Bank, FSB",HI-01
130700,EWA BEACH,HI,96706,722513,Corporation,Unanswered,Unanswered,Unanswered,,32,4/8/20,"American Savings Bank, FSB",HI-01
130672.5,Haleiwa,HI,96712,621498,Subchapter S Corporation,Unanswered,Unanswered,Unanswered,,8,4/28/20,First Hawaiian Bank,HI-02
130600,HONOLULU,HI,96826,621210,Corporation,Unanswered,Unanswered,Unanswered,,,4/10/20,Bank of Hawaii,HI-01
130599,Honolulu,HI,96817,561740,Limited  Liability Company(LLC),Unanswered,Unanswered,Unanswered,,15,4/30/20,First Hawaiian Bank,HI-01
130560,HONOLULU,HI,96819,311612,Corporation,Unanswered,Unanswered,Unanswered,,,4/13/20,Bank of Hawaii,HI-01
130502,Honolulu,HI,96817,541213,Sole Proprietorship,Unanswered,Unanswered,Unanswered,,22,4/28/20,First Hawaiian Bank,HI-01
130500,AIEA,HI,96701,812112,Limited  Liability Company(LLC),Unanswered,Unanswered,Unanswered,,19,4/10/20,Central Pacific Bank,HI-01
130500,HONOLULU,HI,96819,611699,Professional Association,Unanswered,Unanswered,Unanswered,,10,4/6/20,Bank of Hawaii,HI-01
130490,HONOLULU,HI,96826,453110,Corporation,Unanswered,Unanswered,Unanswered,,12,5/13/20,First Hawaiian Bank,HI-01
130420,HOLUALOA,HI,96725,238310,Limited  Liability Company(LLC),Unanswered,Unanswered,Unanswered,,14,4/27/20,Bank of Hawaii,HI-02
130400,Pearl City,HI,96782,713940,Limited  Liability Company(LLC),Unanswered,Unanswered,Unanswered,,33,4/14/20,First Hawaiian Bank,HI-01
130365,HONOLULU,HI,96814,621512,Limited  Liability Company(LLC),Unanswered,Unanswered,Unanswered,,,4/9/20,Bank of Hawaii,HI-01
130332,Honolulu,HI,96815,454390,Limited  Liability Company(LLC),Unanswered,Unanswered,Unanswered,,,5/18/20,"FC Marketplace, LLC (dba Funding Circle)",HI-01
130300,HONOLULU,HI,96825,713990,Corporation,Unanswered,Unanswered,Unanswered,,22,4/27/20,First Hawaiian Bank,HI-01
130200,HONOLULU,HI,96819,811121,Corporation,Unanswered,Unanswered,Unanswered,,11,4/10/20,Central Pacific Bank,HI-01
130200,HONOLULU,HI,96812,541512,Corporation,White,Male Owned,Non-Veteran,,5,4/28/20,Central Pacific Bank,HI-01
130150,HONOLULU,HI,96825,621399,Corporation,White,Female Owned,Non-Veteran,,35,4/8/20,Central Pacific Bank,HI-01
130100,HONOLULU,HI,96813,541618,Corporation,Unanswered,Unanswered,Unanswered,,4,4/27/20,East West Bank,HI-01
130047.5,KIHEI,HI,96753,721191,Trust,Unanswered,Unanswered,Unanswered,,15,4/30/20,Axos Bank,HI-02
130000,KAPAA,HI,96746,722511,Limited  Liability Company(LLC),Unanswered,Unanswered,Unanswered,,,4/16/20,Bank of Hawaii,HI-02
130000,HONOLULU,HI,96817,541519,Corporation,Unanswered,Male Owned,Non-Veteran,,12,4/11/20,Central Pacific Bank,HI-01
130000,HONOLULU,HI,96817,531210,Corporation,Unanswered,Male Owned,Unanswered,,14,4/4/20,Central Pacific Bank,HI-01
130000,HONOLULUolulu,HI,96826,541310,Corporation,Unanswered,Unanswered,Unanswered,,,4/14/20,Central Pacific Bank,HI-01
130000,CAPTAIN COOK,HI,96704,722513,Subchapter S Corporation,Unanswered,Unanswered,Unanswered,,19,4/6/20,"American Savings Bank, FSB",HI-02
130000,HONOLULU,HI,96815,722513,Corporation,Asian,Male Owned,Non-Veteran,,23,4/8/20,Central Pacific Bank,HI-01
129949,WAIPAHU,HI,96797,621210,Corporation,Unanswered,Unanswered,Unanswered,,,4/12/20,Central Pacific Bank,HI-01
129900,HONOLULU,HI,96814,326199,Corporation,Unanswered,Unanswered,Unanswered,,18,4/14/20,First Hawaiian Bank,HI-01
129800,HONOLULU,HI,96814,621210,Limited  Liability Company(LLC),Unanswered,Unanswered,Unanswered,,7,4/8/20,Central Pacific Bank,HI-01
129734,Hilo,HI,96720,238210,Corporation,Unanswered,Unanswered,Unanswered,,11,4/27/20,First Hawaiian Bank,HI-02
129710,Kapaa,HI,96746,722513,Limited  Liability Company(LLC),Unanswered,Unanswered,Unanswered,,22,5/1/20,First Hawaiian Bank,HI-02
129650,Hilo,HI,96720,531312,Partnership,Unanswered,Unanswered,Unanswered,,8,4/14/20,First Hawaiian Bank,HI-02
129645,HONOKAA,HI,96727,238160,Corporation,Unanswered,Unanswered,Unanswered,,15,4/15/20,First Hawaiian Bank,HI-02
129600,HANALEI,HI,96714,451110,Corporation,Unanswered,Male Owned,Unanswered,,48,4/10/20,First Hawaiian Bank,HI-02
129555,HONOLULU,HI,96813,488510,Corporation,Unanswered,Unanswered,Unanswered,,,4/13/20,Bank of Hawaii,HI-01
129520,Kalaheo,HI,96766,238220,Limited  Liability Company(LLC),Unanswered,Unanswered,Unanswered,,0,5/3/20,Central Pacific Bank,HI-02
129500,LAIE,HI,96762,424440,Corporation,Unanswered,Unanswered,Unanswered,,14,4/4/20,First Hawaiian Bank,HI-02
129500,WAILUKU,HI,96793,711310,Professional Association,Unanswered,Unanswered,Unanswered,,8,4/5/20,Bank of Hawaii,HI-02
129500,WAIPAHU,HI,96797,722511,Corporation,Asian,Female Owned,Non-Veteran,,19,4/14/20,First Hawaiian Bank,HI-01
129400,HONOLULU,HI,96813,722513,Corporation,Asian,Female Owned,Non-Veteran,,20,4/27/20,Central Pacific Bank,HI-01
129400,KAILUA KONA,HI,96740,621111,Sole Proprietorship,Unanswered,Unanswered,Unanswered,,7,4/5/20,"American Savings Bank, FSB",HI-02
129361,PEARL CITY,HI,96782,561710,Corporation,Unanswered,Unanswered,Unanswered,,10,4/28/20,Central Pacific Bank,HI-01
129345,HONOLULU,HI,96816,541330,Corporation,Unanswered,Unanswered,Unanswered,,,4/12/20,Bank of Hawaii,HI-01
129200,HONOLULU,HI,96813,541110,Limited  Liability Company(LLC),Unanswered,Male Owned,Unanswered,,,4/11/20,Bank of Hawaii,HI-01
129183,Kapolei,HI,96707,621111,Subchapter S Corporation,Unanswered,Unanswered,Unanswered,,9,6/3/20,First Hawaiian Bank,HI-02
129110,MAKAWAO,HI,96768,611610,Non-Profit Organization,Unanswered,Unanswered,Unanswered,Y,,4/13/20,Bank of Hawaii,HI-02
129105,Kailua Kona,HI,96740,561710,Limited  Liability Company(LLC),Unanswered,Unanswered,Unanswered,,11,4/28/20,First Hawaiian Bank,HI-02
129100,MAKAWAO,HI,96768,621210,Corporation,Unanswered,Unanswered,Unanswered,,9,4/8/20,First Hawaiian Bank,HI-02
129000,KAPOLEI,HI,96707,331492,Limited  Liability Company(LLC),Unanswered,Unanswered,Unanswered,,7,4/10/20,Central Pacific Bank,HI-02
129000,PUUNENE,HI,96784,561730,Corporation,White,Male Owned,Non-Veteran,,18,4/13/20,"American Savings Bank, FSB",HI-02
128975,HONOLULU,HI,96813,424460,Corporation,Unanswered,Male Owned,Non-Veteran,,11,4/6/20,Bank of Hawaii,HI-01
128940,HONOLULU,HI,96813,541820,Corporation,Unanswered,Unanswered,Unanswered,,10,4/8/20,Bank of Hawaii,HI-01
128900,KAILUA,HI,96734,621340,Limited  Liability Company(LLC),Unanswered,Unanswered,Unanswered,,14,4/7/20,First Hawaiian Bank,HI-02
128900,KAILUA KONA,HI,96740,621498,Corporation,Unanswered,Unanswered,Unanswered,,11,4/28/20,Central Pacific Bank,HI-02
128740,KAPOLEI,HI,96707,812112,Limited  Liability Company(LLC),Unanswered,Unanswered,Unanswered,,13,4/28/20,Bank of Hawaii,HI-02
128700,HONOLULU,HI,96813,541110,Limited Liability Partnership,Unanswered,Unanswered,Unanswered,,10,4/11/20,First Hawaiian Bank,HI-01
128700,HALEIWA,HI,96712,722511,Corporation,White,Female Owned,Unanswered,,25,4/5/20,"American Savings Bank, FSB",HI-02
128700,KAHULUI,HI,96732,562910,Limited  Liability Company(LLC),Asian,Male Owned,Unanswered,,12,4/8/20,First Hawaiian Bank,HI-02
128685,WAIPAHU,HI,96797,811310,Subchapter S Corporation,White,Male Owned,Veteran,,,4/12/20,Bank of Hawaii,HI-01
128627.5,Kamuela,HI,96743,483212,Corporation,Unanswered,Unanswered,Unanswered,,14,4/15/20,First Hawaiian Bank,HI-02
128600,KAHUKU,HI,96731,523930,Subchapter S Corporation,Unanswered,Unanswered,Unanswered,,,4/10/20,Bank of Hawaii,HI-02
128600,Honolulu,HI,96826,531210,Corporation,Unanswered,Unanswered,Unanswered,,0,4/30/20,Central Pacific Bank,HI-01
128600,HILO,HI,96720,621210,Limited  Liability Company(LLC),Unanswered,Unanswered,Unanswered,,16,4/9/20,Central Pacific Bank,HI-02
128592,Lawai,HI,96765,238210,Limited  Liability Company(LLC),Unanswered,Male Owned,Non-Veteran,,10,4/30/20,First Hawaiian Bank,HI-02
128440,KAHULUI,HI,96732,624410,Non-Profit Childcare Center,Unanswered,Unanswered,Unanswered,Y,17,4/5/20,"American Savings Bank, FSB",HI-02
128400,KAHULUI,HI,96732,441310,Corporation,Unanswered,Male Owned,Non-Veteran,,18,4/10/20,First Hawaiian Bank,HI-02
128400,KEAAU,HI,96749,236210,Corporation,White,Male Owned,Non-Veteran,,,4/13/20,Bank of Hawaii,HI-02
128400,HONOLULU,HI,96813,531130,Limited  Liability Company(LLC),Unanswered,Unanswered,Unanswered,,21,4/15/20,Central Pacific Bank,HI-01
128360,Honolulu,HI,96819,423930,Corporation,Unanswered,Unanswered,Unanswered,,7,4/30/20,First Hawaiian Bank,HI-01
128310,HONOLULU,HI,96826,611110,Non-Profit Organization,Unanswered,Unanswered,Unanswered,Y,,6/24/20,Bank of Hawaii,HI-01
128200,KAPAA,HI,96746,561730,Corporation,Unanswered,Male Owned,Non-Veteran,,14,4/10/20,First Hawaiian Bank,HI-02
128200,HONOLULU,HI,96822,238220,Limited  Liability Company(LLC),Unanswered,Unanswered,Unanswered,,9,4/5/20,First Hawaiian Bank,HI-01
128200,MILILANIlani,HI,96789,813110,Non-Profit Organization,Unanswered,Unanswered,Unanswered,Y,9,4/27/20,Central Pacific Bank,HI-01
128200,WAHIAWA,HI,96786,812910,Corporation,Unanswered,Unanswered,Unanswered,,20,4/28/20,Central Pacific Bank,HI-02